label,metaGroupId,groupId,goodPeakCount,medMz,medRt,maxQuality,adductName,isotopeLabel,compound,compoundId,formula,expectedRtDiff,ppmDiff,parent,Blank1,Blank2,Blank3,Bleached_Hot_Day0_1,Bleached_Hot_Day0_2,Bleached_Hot_Day0_3,Bleached_Hot_Day0_4,Bleached_Hot_Day0_5,Bleached_Hot_Day37_1,Bleached_Hot_Day37_2,Bleached_Hot_Day37_3,Bleached_Hot_Day37_4,Bleached_Hot_Day37_5,Bleached_Hot_Day52_1,Bleached_Hot_Day52_2,Bleached_Hot_Day52_3,Bleached_Hot_Day52_4,Bleached_Hot_Day52_5,Control_Ambient_Day0_1,Control_Ambient_Day0_2,Control_Ambient_Day0_3,Control_Ambient_Day0_4,Control_Ambient_Day0_5,Control_Ambient_Day37_1,Control_Ambient_Day37_2,Control_Ambient_Day37_3,Control_Ambient_Day37_4,Control_Ambient_Day37_5,Control_Ambient_Day52_1,Control_Ambient_Day52_2,Control_Ambient_Day52_3,Control_Ambient_Day52_4,Control_Ambient_Day52_5,Mortality_Hot_Day0_1,Mortality_Hot_Day0_2,Mortality_Hot_Day0_3,Mortality_Hot_Day0_4,Mortality_Hot_Day0_5,Mortality_Hot_Day37_1,Mortality_Hot_Day37_2,Mortality_Hot_Day37_3,Mortality_Hot_Day37_4,Mortality_Hot_Day37_5,Mortality_Hot_Day52_1,Mortality_Hot_Day52_2,Mortality_Hot_Day52_3,Mortality_Hot_Day52_4,Mortality_Hot_Day52_5
,1,1,37,611.14502,12.303,0.852901,[M-H]-,,Glutathione disulfide,Glutathione disulfide,C20H32N6O12S2,0.407,0.499351,611.14502,0,0,0,31037.19,53814.59,73074.77,68408.84,40872.61,114309.4,0,77912.59,67928.41,13633.96,147733.39,74127.52,106113.21,132478.36,0,24959.76,0,63003.76,48566.97,4310.51,72108.86,0,10546.21,44701.04,52735.29,54357.71,17893.51,95414.31,12532.03,13576.06,23658.63,80887.79,12892.8,2292.28,0,93851.93,44648.23,36825.37,6559.78,96632.84,24940.99,98867.88,38717.86,212179.8,55518.11
,2,2,45,145.09816,12.296,0.857064,[M-H]-,,Lysine,Lysine,C6H14N2O2,0.374,0.630971,145.09816,0,0,0,323854.16,579584.19,913469.06,655651,1044720.81,3966296.25,1245039.62,3246278.75,3408385,3729960,6598723.5,2512506.25,5981751.5,2829722.75,1127657.38,2190812.5,783171.56,864066.75,4257282,832997.25,2729569,859261.5,430876.09,1862487.38,966042.81,1330935.12,435546.66,555451,2494331.75,635547.69,1176030.62,856909.94,902209.81,354456.5,377520.59,4648077.5,4204762.5,2908341.75,3344595.25,5595634.5,1952180.88,7934672.5,5103634,8050104.5,1707817.62
,3,3,34,191.019653,11.173,0.855735,[M-H]-,,Citrate,Citrate,C6H8O7,0.547,0.399403,191.019653,2907.78,2698.59,9158.37,208853.64,195378.89,546713.56,287971.28,303410.78,83234.18,121753.41,122937.25,902402.75,1211432,1505569.62,139318.98,58206.89,391069.41,54580.07,131916.33,106617.41,176168.64,283972.16,119094.09,233658.25,19321.7,155011.7,2299955.25,82899.98,279138.78,161242.67,215138.3,64450.92,92665.26,403133.91,692687.12,526751.56,106817.06,82309.72,366843.47,205646.95,140274.44,114752.98,450627.53,166327.92,522974.91,406457.38,306234.03,350384.91
,4,4,45,173.104401,11.285,0.85651,[M-H]-,,Arginine,Arginine,C6H14N4O2,0.325,0,173.104401,0,0,2583.22,369270.41,572531.25,820770.44,454281.34,845196.81,14575192,5947390,10075819,7670406.5,14672775,28070266,10484227,18489876,7861954,5332166,1913609,462214.16,1199803.12,5712748,1421016.38,4196551.5,788179.69,470784.59,2895851,908878.06,2045324.62,404821.34,816400.19,3569715,594312.5,899610.44,767748.94,855933.81,374113,605875.81,13959284,15955931,8080900,11570649,32414072,6639976.5,26552410,19544930,29730246,12632719
,5,5,45,131.082626,11.28,0.856666,[M-H]-,,Ornithine,Ornithine,C5H12N2O2,0.3,0.232812,131.082626,0,1806.41,2240.11,50902.88,75319.42,75694.8,51388.57,90461.48,920836.94,360153.53,713017.31,508783.75,950516.06,1794802.5,781858.25,1309779,591019.81,304258.88,190344.25,67644.54,115966.21,470371.03,121439,435597.28,67914.4,33642.47,209189.08,77681.41,127327.56,41377.14,66358.91,258154.92,49905.89,87166.62,85213.12,87145.93,43354.07,40459.35,943096.44,1071189.88,563801.69,775103.5,2190963.5,472926.53,1779459.88,1212719,1977367,809125.06
,6,6,36,187.120163,10.634,0.850913,[M-H]-,,Homoarginine,Homoarginine,C7H16N4O2,0.806,0.570818,187.120163,0,0,0,3219.18,3221.95,9266.42,9702.68,3868.03,23830.67,8498.9,54940.67,28152.61,26663.33,48493.96,22710.45,66911.64,34308.48,4193.31,12738.65,13617.14,8190.2,19209.29,5135.7,13831.78,16899.61,3722.48,10160.46,12373.54,9391.47,3124.46,8600.19,13722.52,9958.98,3692.95,15254,9415.28,2852.77,3173.97,29330.92,71587.77,34841.87,42126.37,83455.73,6946.63,111141.18,54669.83,103752.41,50903.1
,7,7,28,259.022125,10.979,0.849841,[M-H]-,,Glucose-6-phosphate,Glucose-6-phosphate,C6H13O9P,0.281,1.296001,259.022125,0,0,0,27961.12,80447.44,64895.55,70682.74,70848.51,81782.72,18083.28,112345.6,142450.11,51030.41,159908.86,39377.04,77469.41,150650.38,15442.96,29907.7,42350.36,46510.12,60541.39,18620.83,101642.35,3367.35,45545.48,49173.34,59052.48,106810.94,49037.51,57577.03,43339.94,18041.62,38323.19,49368.39,48564.95,11591.09,0,160926.62,34350.34,62537.68,31332.58,145897.27,24547.88,103879.62,57773.97,287786.56,146012.27
,8,8,45,242.07991,10.717,0.854835,[M-H]-,,Phosphocholine (+HAc),Phosphocholine (+HAc),C7H18NO6P,0.473,0.063032,242.07991,0,0,0,287769.66,991770,748693.81,689523.81,547936.69,1247226.38,1229698.38,1679505.62,1848457.12,1020507.81,1845670.12,1259548.38,2232071.5,2998368.75,678254.69,1071003,278047,1490468.12,989084.25,1035806.81,1494361.62,218457.86,1111430.12,459651.09,1605730,2174739.25,425289,1915072.5,607382.12,816463.31,654613.56,1039708.81,621096.69,518024.97,255742.05,2335751.5,2070257.12,1834808,1473984.88,2586106,1042887.06,2823513.75,2062605.38,4902761.5,1415971.62
,9,9,8,426.022278,10.796,0.846274,[M-H]-,,ADP,ADP,C10H15N5O10P2,0.324,0.286535,426.022278,0,0,0,2658.71,19558.33,2587.82,2259.22,7369.84,0,0,0,3474.92,0,5611.74,2893.36,0,13001.75,0,2898.26,0,0,0,0,4205.98,0,0,4180.83,2892.08,22841.66,5353.97,2182.14,0,0,3357.52,5879.62,3876.95,0,0,12000.6,2376.12,0,0,7619.29,0,4416.13,0,31935.44,3828.96
,10,10,3,191.019592,10.398,0.619324,[M-H]-,,Isocitrate,Isocitrate,C6H8O7,0.602,0.718926,191.019592,0,2297.63,2044.73,3231.33,0,34323.21,32791.43,10380.63,2999.94,2673.2,3328.15,11101.74,86684.16,16731.92,3368.73,8706.82,3098.83,1902.18,3538.27,3273.27,15564.09,3624.55,5578.54,5679.14,0,20502.87,126637.32,3928.19,15883.37,3281.12,10944.86,2636.14,0,8762.5,12122.01,21219.94,2823.62,2950.39,31607.47,2805.41,0,7795.87,19493.39,4756.98,27158.43,19062.49,17372.4,12386.99
,11,11,20,362.05072,10.221,0.848997,[M-H]-,,GMP,GMP,C10H14N5O8P,0.629,0,362.05072,0,0,0,0,18977.12,12313.96,6942.42,27823.23,21985.3,0,3082.49,5174.94,7359.1,12095.83,3555.16,5602.21,12656.82,2291.08,20330.76,3010.05,27969.39,26545.22,8301.75,34194.36,0,4051.59,5498.95,9932.5,25568.26,12446.8,19497.71,2372.13,3034.54,8272.22,19443.1,34559.01,3892.77,0,39477.83,10537.33,7451.4,9391.49,42231.53,0,27890.68,29652.38,72951.48,8454.42
,12,12,23,322.044891,10.05,0.84859,[M-H]-,,CMP,CMP,C9H14N3O8P,0.63,0.94762,322.044891,0,0,0,7703.3,30426.23,18874.84,18659.41,7871.02,5304.14,6977.14,48295.72,35262.89,0,21118.67,0,11875.31,23705.69,2820.16,18520.67,4724.45,39056.36,28667.85,3862.67,11453.67,0,9121.11,10549.7,5232.13,10525.61,3013.98,29423.7,4008.34,0,17771.74,9157.21,22914.41,0,0,17362.87,4292.58,3002.59,12422.76,39694.04,3464.38,4595.07,16011.25,52412.81,18070.09
,13,13,25,259.022156,10.02,0.819033,[M-H]-,,Fructose-6-phosphate,Fructose-6-phosphate,C6H13O9P,0.55,1.178183,259.022156,0,0,0,35657.8,67188.82,78014.73,99605.82,47566.54,37429.32,22956.73,63156.83,61934.02,27387.16,49180.56,10155.41,37378.71,61619.84,3725.95,37661.46,43654.73,74547.2,87859.41,43754.08,68883.22,7594.88,52981.64,44990.73,69377.84,54910.36,44635.14,38661.49,32425.64,17940.39,54624.47,87120.49,103078.25,12351.46,2896.95,75211.12,34440.93,38209.72,21092.94,88199.69,19122.03,42123.54,28106.95,93399.22,59024.15
,14,14,33,201.135559,9.985,0.8515,[M-H]-,,NG-dimethyl-L-arginine,NG-dimethyl-L-arginine,C8H18N4O2,0.435,0.682768,201.135559,4948.08,3257.89,4180.36,5402.73,8738.63,10179.29,16187.66,16802.04,47598.46,27832.28,63559.96,50932.68,17833.43,80806.05,14927.16,102563.09,50975.96,4458.43,13961.64,4648.56,27499.78,43743.91,14573.15,36322.45,4749.52,3884.01,28805.95,9749.42,13843.99,6509.66,10146.19,10739.17,6252.67,10857,11484.57,18525.58,9714.93,8685.96,47049.99,69623.68,26017.45,46976.86,81025.2,23269.51,129901.55,54550.15,108284.77,38212.68
,15,15,22,173.009033,9.733,0.842904,[M-H]-,,Aconitate,Aconitate,C6H6O6,0.617,0.793768,173.009033,4293.9,3049.04,9762.33,301430.72,1366429.62,2735573.75,601082.94,4311236.5,66691.22,20135.59,38774.25,437661.28,4256984,277395.19,45571.02,106034.24,39156.86,69466.34,85843.95,30022.92,144296.12,998734.31,42137.52,46499.39,17140.63,488022.91,2520123,59064.07,161456.64,370919.41,884720.94,35672.52,76843.26,100321.94,17240826,13558205,761898.19,560520.44,531457.5,5579569.5,795295.44,273927.16,159165,1249738.75,480474.25,2967744.25,208416.77,81925.55
,16,16,45,565.048401,9.666,0.850656,[M-H]-,,UDP-D-Glucose,UDP-D-Glucose,C15H24N2O17P2,0.674,1.188195,565.048401,0,0,0,40305.6,67216.76,60010.02,56603.88,69337.88,25449.14,12626.3,60836,62325.39,24537.27,69199.77,71872.11,68790.93,59284.33,53009.46,72021.52,40059.95,58086.16,49442.75,21848.41,92675.21,48009.59,51349.69,24996.55,59712.86,107403.46,34139.76,75283.88,67104.98,46957.98,30438.93,61402.25,29854.82,43581.49,25773.71,45464.98,50804.09,40811.31,38081.97,27032.04,40904.35,77020.37,55165.48,92997.09,33897.57
,17,17,1,221.060547,9.753,0.798588,[M-H]-,,Cystathionine,Cystathionine,C7H14N2O4S,0.557,1.794663,221.060547,0,0,0,0,2914.34,10714.67,5697.29,12300.22,0,0,0,0,0,0,0,0,0,0,6237.47,6380.85,2905.31,8277.27,0,0,0,0,5576.64,0,0,0,0,1980.09,0,3111.91,2500.75,9907.2,0,0,0,0,0,0,0,0,0,0,0,0
,18,18,0,547.12146,9.687,0.234615,[M-H]-,,CDP-Choline (+HAc),CDP-Choline (+HAc),C16H30N4O13P2,0.603,0.446228,547.12146,0,0,0,0,0,0,2009.88,0,0,0,0,4051.43,2658.01,3953.91,0,0,6642.61,0,0,0,0,3293.11,0,5008.51,0,0,0,0,8248.1,0,0,2279.13,0,0,0,0,0,0,6951.3,2972.52,2196.52,0,2948.18,6123.2,0,0,4309.6,0
,19,19,45,323.028717,9.522,0.854325,[M-H]-,,UMP,UMP,C9H13N2O9P,0.628,0.377893,323.028717,0,0,0,138837.56,257286.2,389520.75,276780.44,176245.31,482415.91,256816.67,385490.22,468852.72,224308.39,643348.88,176580.05,355010.59,502898.12,45794.29,220295.7,187374.55,446708.88,433658.47,305516.91,245718.95,58468.16,154038.3,251432.8,254597.08,207410.92,152213.56,228918.67,140984.41,121411.31,250786.69,326602.97,325426.47,110330.66,81880.41,648103.81,318570.12,308191.25,310963.28,877101,214117.75,392664.25,310040.66,923551.81,313319.62
,20,20,19,229.011398,9.544,0.846717,[M-H]-,,Ribose phosphate,Ribose phosphate,C5H11O8P,0.556,2.132122,229.011398,0,0,0,7381.29,31707.97,49631.49,36617.26,52092.94,3327.38,0,14627.5,3072.24,3667.47,9747.78,4659.58,12806.39,3505.35,2129.63,4282.97,31256.13,64633.42,16167.69,4154.75,54569.25,0,37275.33,3841.19,43594.73,47411.38,27962.64,36666.66,32282.13,7779.35,8673.2,39715.84,20379.86,5720.51,0,21312.31,7956.34,3912.11,7580.28,17454.59,2489.09,16499.53,3792.41,42084.32,11099.72
,21,21,5,662.102478,9.469,0.842228,[M-H]-,,NAD+,NAD+,C21H27N7O14P2,0.541,0.921839,662.102478,0,0,0,3171.12,0,4675.34,2679.15,3184.01,2367.24,0,3268.23,4588.49,4514.58,11685.42,9718.17,0,6219.2,0,4627.21,0,7456.1,0,0,4335.41,0,0,0,0,11341.48,2764.01,20327.49,0,3721.41,0,4884.93,0,2582,0,8497.68,5458.96,5661.18,2056.12,4924.48,0,16942.55,4751.92,21683.64,0
,22,22,3,588.075317,9.994,0.705901,[M-H]-,,ADP-D-Glucose,ADP-D-Glucose,C16H25N5O15P2,0.034,0.622728,588.075317,0,0,0,0,2851.23,3724.88,6190.17,0,8101.55,0,3588.03,8268.75,0,9527.55,2782.16,0,15186.43,2431.9,0,5596.83,4200.45,2950.08,2946.32,3227.74,0,3263.01,2641.98,11892.12,7479.37,3274.95,8127.93,2951.22,2688.93,2780.32,7046.02,3165.35,2297.72,0,3073.72,3264.19,4309.27,2694.63,4817.44,0,3648.86,4662.58,10634.59,3326.14
,23,23,1,168.990677,9.354,0.834161,[M-H]-,,Dihydroxyacetone phosphate,Dihydroxyacetone phosphate,C3H7O6P,0.566,0.451468,168.990677,0,0,0,3183.98,2522.02,0,2773.14,5026.64,0,0,7158.02,2741.27,2321.05,0,0,0,0,0,0,0,0,2535.89,2833.83,0,0,0,0,3737.33,2676.46,0,0,0,0,2494.02,0,0,0,0,14783.11,0,5835.22,0,4650.66,0,0,2410.46,0,0
,24,24,45,606.074463,9.374,0.854814,[M-H]-,,UDP-N-acetyl-glucosamine,UDP-N-acetyl-glucosamine,C17H27N3O17P2,0.546,0.302117,606.074463,0,0,0,156308.3,284311.5,256017.89,258495.52,273417.22,554544.31,214197.12,735533.25,807638.81,306323.41,862235.56,384756.84,601413.75,848451.19,297957.84,419159.16,185963.73,401216.28,225117.31,180316.11,511453.12,359996.09,427675.88,198750.12,492492.91,745502.56,247290,627651.44,312503.75,399984.5,134185.69,318410.06,168132.5,254419.98,100446.76,575520.44,711514.94,661205.06,451330.59,321315.53,516747.09,655032,620474,921804.69,271846.22
,25,25,33,171.006363,9.334,0.842139,[M-H]-,,Glycerol-3-phosphate,Glycerol-3-phosphate,C3H9O6P,0.516,0.267688,171.006363,0,0,0,30768.48,21047.89,28194.3,42224.05,31850.52,10792.84,9594.55,27645.26,18679.31,17011.2,12001.26,4600.8,59340.27,5785.18,0,21381.27,33657.53,44918.12,48082.91,11476.53,70983.52,4683.85,24708.71,37244.2,38594.27,49983.13,24691.15,40164.29,18806.65,13240.97,41293.19,55078.28,54558.89,13636.47,2535.04,24596.34,24173.09,11589.24,11967.57,27653.82,3789.51,25936.38,21172.21,25338.52,14213.96
,26,26,38,239.016769,9.318,0.853682,[M-H]-,,Cystine,Cystine,C6H12N2O4S2,0.452,0.829918,239.016769,0,0,0,28085.3,20648.12,86169.05,63899.14,64482.25,327909.34,3398.82,192820.31,237943.2,125563.27,106872.27,8888.03,186609.02,78390.24,0,33304.69,18175,54170.7,54517.29,58744.17,115869.88,5802.88,5862.15,147113.44,40830.73,54958.55,75419.4,22121.09,171595.8,21786.69,27691.5,57199.59,23749.9,0,0,92620.05,38379.96,32850.89,44000.02,124262.63,10989.6,61134.89,45911.94,43366.89,0
,27,27,45,346.055695,9.263,0.853904,[M-H]-,,AMP,AMP,C10H14N5O7P,0.467,0.352747,346.055695,0,0,0,83795.51,171059.75,201228.45,128492.66,165586.8,172721.83,55770.32,146479.53,147507.73,83053.37,241866.58,153602.17,165653.89,170014.77,44453.69,203484.12,79082.07,263114.41,203976.31,141221.95,204689.52,31753.95,141313.42,60923.17,198598.8,308796.47,132778.28,249079.17,103815.27,113797.94,158998.58,233263.17,154039.38,77381.22,25799.17,333239.59,197755.27,188710.58,113191.29,302198.22,93814.18,238465.12,214925.05,511487.59,172905.94
,28,28,45,133.014297,8.679,0.853981,[M-H]-,,Malate,Malate,C4H6O5,0.621,0.344146,133.014297,50508.19,37469.12,17836.88,3056702,7679178.5,9193871,1143833.38,2094784.62,1835231.5,856505.31,2693643,7804740.5,6105986.5,3064115.25,1556293.12,2667106.75,5477862,1132772.62,2788184.75,762290.75,5518902.5,2629232.25,1247037.12,837964.31,244966.39,5661142,22507890,488310.75,3469248.25,1409828.62,3178884,1341351.5,1236573.5,21949408,2779993.5,6619510.5,6019216.5,1888392,6842440,8694908,3797073,1754915,3015502.75,6841838.5,6938103.5,8602827,61352204,2273966.75
,29,29,15,306.076843,8.514,0.855285,[M-H]-,,Glutathione,Glutathione,C10H17N3O6S,0.616,0.997057,306.076843,0,0,0,81544.98,6523.73,0,3561.15,43105.22,4072.37,0,11476.82,3605.58,159594.38,4077.6,53722.46,4078.67,0,0,203076.3,3318.01,9907.3,15280.55,3494.74,124348.52,0,0,4732.22,4674.63,464447.25,180305.48,3751.9,10648.64,3598.99,70314.48,4912.9,9601.38,0,0,3528.45,0,3387.84,0,104567.5,0,16531.19,146991.25,0,3268.3
,30,30,45,132.030289,8.566,0.8549,[M-H]-,,Aspartate,Aspartate,C4H7NO4,0.544,0.462282,132.030289,0,0,2732.16,506349.59,416900.38,875282.06,862493.56,1173072.5,400366.47,209029.48,811879.06,1133144.88,482350.25,772122.94,212057.56,426015.88,882014.31,195634.02,732477.5,1136492.38,802898.56,2200507.25,492528.75,814648.19,458273.75,352162.78,695597.75,774344.25,1298682.62,731640.5,771219.06,718750.94,411378.22,1054323.75,1152537.38,1429364.12,505755.88,403687.34,625342.06,491901.59,339050.75,328551.97,580954.19,520753.84,646987.75,404438.41,778595,405588.16
,31,31,45,146.045898,8.451,0.851513,[M-H]-,,Glutamate,Glutamate,C5H9NO4,0.559,0.104479,146.045898,0,0,4099.97,3612376,4277228.5,6405898,5639597.5,5315622,2763086.75,1104406.38,3172938,4578792.5,2818808.75,4349116,2165947.25,3839177.75,4409286,1474448,4554853.5,5032708,4927045.5,10694405,3279529.25,3978528.25,3318070.75,3267000.75,4250419.5,3371255,3584385.25,2830545.75,3544204.25,3210910.25,1913793.12,5526982.5,6968647.5,9418957,5188331,2853823.25,3178144.75,5649237.5,2227468.75,2820986,3682842,3680087.25,6597644.5,5811598,6691866.5,3271138.75
,32,32,26,147.030029,8.389,0.77552,[M-H]-,,Citramalic acid,Citramalic acid,C5H8O5,0.501,0.934022,147.030029,47049.11,35180.95,4347.92,53414.78,47143.3,45252.36,71460.04,59177.27,29504.97,10501.56,21500.45,63157.44,51551.3,49698.75,33857.43,50695.75,27092.4,21013.34,50285.12,59597.67,75305.63,117611.26,26559.47,46748.51,17046.91,88756.59,85020.66,51934.62,155151.2,22218.65,121469.88,91326.73,57330.81,45323.5,154791.38,111928.44,318369.41,73047.07,45980.22,68870.74,30142.95,58270.05,64134.72,26293.8,38033.65,60401.53,32759.91,35313.75
,33,33,30,193.035324,8.224,0.827374,[M-H]-,,Glucuronic acid,Glucuronic acid,C6H10O7,0.596,0.316186,193.035324,0,0,0,11219.32,39740.52,69917.12,57485.96,37298.04,37046.35,9664.92,14734.92,63647.82,18039.64,59414.2,21427.25,22327.6,18000.04,8006.65,40097.75,52128.89,101841.71,59267.83,18798.23,38353.16,11117.73,38836.64,14289.42,8441.18,95311.27,20702.36,40341.76,64011.89,55915.97,63375.86,74233.84,44773.74,38057.45,37243.51,5304.42,23817.71,13098.1,27777.57,30452.6,19278.08,26222.35,34136.39,43445.01,30913.79
,34,34,47,117.019409,8.287,0.835131,[M-H]-,,Succinate,Succinate,C4H6O4,0.483,0.651977,117.019409,650316.44,485517.59,189050.45,1283992.88,1305464.38,2170721.75,2027944.5,1285448.88,1336244,1078346.62,1357863.5,3158708.75,1501239.88,1574086,1375046.88,1372628.88,1284772.25,2357401.25,1085153.5,2551784.25,1996575,2387863,1455052,1714516.38,1411161.38,4969175.5,987724.56,1456943,2654357.75,1153738.25,6704548,3098401.25,2173245.25,1239602.88,4578616.5,1233361,3335845.75,3306615,3000156,2747397,1517813.12,2420974,2335844.75,1288561.88,1302214.62,2265327.75,2283752.25,1865804.38
,35,35,6,188.056564,8.198,0.814505,[M-H]-,,N-acetyl-glutamate,N-acetyl-glutamate,C7H11NO5,0.512,0.649115,188.056564,0,0,0,6901.44,0,12620.42,36768.59,7129.02,3130.83,3121.38,2743.45,7342.47,4749.99,7031.46,0,0,0,3094.64,13470.86,3366.52,10827.49,14312.73,13524.79,3655.96,6915.43,9441.4,9897.39,5153.82,7385.56,6038.52,7699.92,5779.79,3146.39,34615.02,32691.69,15504.09,30361.55,4462.25,11801.91,10717.45,0,5137.92,6232.92,3841.06,6148.81,28291.27,4488.62,0
,36,36,41,179.056152,8.229,0.850677,[M-H]-,,Inositol,Inositol,C6H12O6,0.461,0.255654,179.056152,0,0,0,322121.5,555534.31,545468,523394.75,567774,1101608.12,511154.66,1020937.69,1472284,562868.31,999733.31,415248.03,905683.94,656803.56,351101.09,632994.75,612974.06,826473.94,874358,446500.25,776168.69,764498.25,620406,436492.22,665019.94,904889.25,761345,818042.94,618662.31,625649.12,611778.19,671361.19,439912.16,527008.25,404226.28,701590,844323.19,503632.22,594349,833154.31,539223.62,575507.81,734515.44,708785.75,492165.66
,37,37,45,341.10907,7.882,0.852775,[M-H]-,,Cellobiose,Cellobiose,C12H22O11,0.678,0.357863,341.10907,0,2340.38,0,144787.2,366018.12,509393.09,140777.36,105454.04,81862.77,24018.05,79390.28,215315.23,176791.64,128984.62,67625.34,84373.66,189620.88,57613.71,174848.73,142733.89,269338,224500.36,76465.09,96207.84,50225.81,229649.19,634327.25,73833.49,85280.63,111240.65,154680.25,40513.55,90829.94,664841.5,137213.38,321302.22,192254.86,98448.27,160365.41,364006.34,154472.83,48731.96,73530.74,294061.41,186593.5,338178.25,487787.47,96188.71
,38,38,24,316.116394,7.748,0.835074,[M-H]-,,Glycerophosphocholine (+HAc),Glycerophosphocholine (+HAc),C10H24NO8P,0.732,0.868851,316.116394,0,0,0,31479.08,28373.21,46230.53,47141.52,121355.48,23477.42,8237.4,18882.41,46004.41,22928.19,7701.18,8857.68,27347.79,30017.58,12284.08,76608.38,36106.21,64623.81,115889.25,55756.83,35284.09,25032.27,39187.57,58018.76,50094.58,48626.58,21028.96,89904.38,16023.64,28212.35,37488.54,50294.68,78658.66,47496.18,44711.55,42042.02,44378.14,26698.08,42611.38,41992.5,27595.17,37968.64,31483.04,49298.7,19086.16
,39,39,44,129.01947,7.847,0.840014,[M-H]-,,Itaconic acid,Itaconic acid,C5H6O4,0.523,1.064407,129.01947,76389.96,52480.89,76993.27,5121313.5,7389246,6976922.5,6880940.5,7638264,9545876,6014962,9800487,8411242,4631233.5,12996929,8362722.5,9182472,9535708,7041929.5,1374408.12,8579207,6599544,8141486.5,6348238.5,1700471.38,8428885,5508070.5,2831642.25,10015400,2572602.75,6827482,6453098.5,5314287,6566520,4665894,5746224,4505948,4128591.75,5347759.5,5019859.5,5236692.5,3913776.75,4719926.5,9416097,3948802.75,6631326.5,4524147,8953591,7649824
,40,40,27,145.014023,7.36,0.838736,[M-H]-,,a-ketoglutarate,a-ketoglutarate,C5H6O5,0.63,1.57834,145.014023,0,0,0,146807.39,104366.41,44999.66,130216.93,75788.76,70481.42,4753.72,63362.14,35260.36,123092.56,129710.34,95565.5,63654.58,3691.82,5184.48,260746.92,21186.79,166389.98,316361.5,55377.08,283003.34,3516.42,25876.29,119118.98,146672.55,326719.66,91273.06,123056,42994.34,78135.43,135196.14,63123.36,235350.12,30588.13,30538.6,5614.97,61460.61,53281.74,42202.22,80953.87,25501.29,240186.67,955861.06,49739.23,6186.48
,41,41,45,131.046249,7.343,0.856036,[M-H]-,,Asparagine,Asparagine,C4H8N2O3,0.537,0.232876,131.046249,0,0,0,177142.08,184494.25,1357557,481304.12,174534.52,808910.31,104553.31,190387.94,548013.94,527802.88,633256.56,354651.34,453255.34,279172.28,168032.19,607798.56,105862,608503.19,2879425,126936.12,675557.44,161579.72,101768.21,355887.09,120257.06,322083.66,243215.52,265184.88,145247.8,127116.84,377125.38,1126822.25,915324.19,740534,125995.59,1891628.62,1847947.38,323777.22,585533.31,586127.19,979199.31,1700523.38,1053593.62,1559771.62,585422.75
,42,42,37,188.104172,7.333,0.851405,[M-H]-,,Homocitrulline,Homocitrulline,C7H15N3O3,0.547,0.567832,188.104172,0,0,0,28190.47,4977.38,66417.85,73053.49,54041.28,43661.45,12957.74,50952,52152.15,40314.9,49140.29,20872.1,37871.16,58594.24,53818.36,3980.93,4451.75,23437.92,41466.72,35138.45,15021.16,4840.12,13863.78,8712.72,35616.82,4955.68,3182.1,35030.61,19203.75,31354.3,4766.08,30933.34,64297.73,28923.48,55830.61,12850.62,34340.44,58335.52,29170.42,97811.65,6628.02,49098.05,52194.9,96940.68,66453.25
,43,43,46,104.035439,7.332,0.854428,[M-H]-,,Serine,Serine,C3H7NO3,0.488,1.173355,104.035439,2895.59,2206.2,3056.69,349631,310484.16,513838.97,353969.25,252883.3,758157.31,225743.69,329722.28,588069.75,275697.34,613966.19,247713.58,425606.28,638537.56,135057.22,1651486.62,329977.62,400787.41,1479217.38,222276.5,1231802.88,283725.75,262530.38,222596.92,275480.34,684594.69,218968.06,334585,291992.53,215578.55,437611.91,551618.44,866700.81,410796.16,233634.2,362525.59,556135,545510.19,298712.72,419670.97,317364.16,432111,326084.34,741370.19,260387.52
,44,44,31,102.056145,7.295,0.818906,[M-H]-,,gamma-amino butyrate,gamma-amino butyrate,C4H9NO2,0.525,0.897083,102.056145,14489.46,12486.66,16149.2,18758.18,23942.46,25699.34,37974.63,25797.19,63158.91,32682.25,56343.21,154295.67,30731.58,17859.24,21764.59,70410.43,15495.91,8409.41,46417.56,27953.06,61051.95,314920.16,38987.48,62207.23,19536.65,56575.07,101060.65,26188.52,23633.78,21881.16,18802.2,28893.21,26486.95,41399.61,61806.25,39405.98,43092.46,37925.24,134586.73,59677.71,19636.95,174479.64,43762.11,20381.89,57994.12,22069.16,81219.91,21047.11
,45,45,45,145.061798,7.159,0.855447,[M-H]-,,Glutamine,Glutamine,C5H10N2O3,0.581,0.420753,145.061798,0,0,0,1583236.12,2869483.25,3165848.75,1774998.5,1461318.38,4457883.5,2530004.25,2647088,7418838,3766600.25,8837112,1176256,2617154.75,5213156,582106.81,3374561.25,1967713.38,2883285.75,5155934.5,1755690.38,1800401,1216860.88,880257.56,2667225.75,848651.19,732896.5,697906.06,895404.56,633645.06,506615.34,2238873.25,4119964,7362290,2962300.25,1407934.62,2592837.25,5244110.5,2723510.5,2971176.75,3094495.25,2002417.62,3455660,2546518.25,4047070.75,1598569.5
,46,46,44,154.062363,7.903,0.855999,[M-H]-,,Histidine,Histidine,C6H9N3O2,0.173,1.089473,154.062363,0,0,0,34935.85,57084.95,92501.9,89041.45,79318,829469.19,190264.27,417082.5,490067.5,167293.33,1157802.12,158373.73,602441.06,364399,98866.84,113192.34,370526.5,71872.66,699275.19,226085.12,269088.91,134106.58,18329.02,236302.33,53701.16,101088.74,61278.72,44331.92,282493.84,46386.41,220050.38,133024.61,95423.6,32015.31,81934.53,837167,323773.31,338378.72,320638.47,1491785.62,210811.2,515063.34,352340.78,566498.06,303998.34
,47,47,38,168.078018,7.518,0.85193,[M-H]-,,1-Methylhistidine,1-Methylhistidine,C7H11N3O2,0.202,0.998625,168.078018,0,0,0,38835.62,43181.5,58131.5,18274.56,5339.72,86163.83,35570.02,12831.17,23939.88,16447.95,147030.59,60030.51,18444.54,9578.14,0,27959.32,17039.48,52945.81,100139.53,21216.26,32892.38,16353.86,13937.58,50814.71,27769.88,35005.25,19424.73,22982.33,36857.83,11750.55,31002.59,36088.9,3832.52,18903.15,17565.56,4901.88,25309.34,16068.44,19356.52,88993.52,5306.73,42295.36,25484.29,45210.03,60674.99
,48,48,45,341.10907,6.999,0.854038,[M-H]-,,Sucrose,Sucrose,C12H22O11,0.651,0.357863,341.10907,0,0,0,198568.42,385775.5,1042828.19,419642.75,182974.45,197184.08,110404.4,174291.83,505224.53,1301567.62,172137.33,510196.38,391928.03,186324.8,475861.03,204314.8,59854.41,619629.44,252808.06,114998.18,321933.84,209200.38,273168.53,490332.72,45533.42,353673.5,364892,961460.5,89221.07,189194.36,590377,1081979.88,952380,732945.75,368701.47,1795145,1823235,515123,374052.78,687030.5,1242143.62,1249286.88,1300355.25,668156.56,649597.62
,49,49,44,164.038635,7.029,0.854095,[M-H]-,,Methionine sulfoxide,Methionine sulfoxide,C5H11NO3S,0.551,0.372078,164.038635,0,0,0,18514.56,12545.4,30163.79,19376.88,26246.7,71334.34,143607.89,45402.8,265519.38,68359.82,43764.45,24714.38,101962,132832.83,31354.14,26714.23,65216.7,33194.66,81773.4,82707.67,58392.92,79597.16,82477.45,115445.79,28767.59,21182.11,13773.65,27042.84,94889.84,31933.97,30252.54,62624.82,41102.48,58185.68,85154.52,108572.35,46683.19,56550.18,141686.02,80309.03,39122.48,52000.88,44617.23,119732.45,88497.7
,50,50,45,74.02478,6.835,0.853558,[M-H]-,,Glycine,Glycine,C2H5NO2,0.565,0.412262,74.02478,3935.01,3680.37,2969.71,134673.42,184358.42,260547.75,258102.36,211333.25,601710.44,479607.41,686645.69,1053035.75,367476,835552.75,234255.36,745949.06,977192.75,149908.17,501631.59,198511.36,236354.25,1193191.62,249130.86,356610.72,152397.19,114576.06,280795.12,133740.7,200264.19,153627.59,235593.38,138344.45,121458.34,225390.33,228739.61,1682107,196861.86,158197.27,456414.12,466140.22,830069.31,335207.12,714451.69,312424.16,436116.66,327684.5,658354.5,213301.94
,51,51,45,118.051033,6.728,0.837995,[M-H]-,,Threonine,Threonine,C4H9NO3,0.372,0.581652,118.051033,2698.01,0,4374.08,1011636.94,2340289.25,2168647.25,1462143.38,1390179.75,2867828.25,1601673.88,1550145.88,4296235.5,1308996.12,2104476.75,641515.75,1240042.5,1848725.38,614774.06,1959212.38,1199887,1387071.38,3378548,1107168.62,1420081,939688.31,779017.81,1436480.62,485035.38,2006664.38,614018.31,1811830.38,720028.94,643129.88,5107924,1400135.88,3189361.25,2180140,1316549.88,3123985.75,3942829,1110808.12,1052856.38,2086862.5,2713930,2286811.75,1633688.38,6168855.5,1484460.88
,52,52,45,88.040321,6.419,0.854855,[M-H]-,,Alanine,Alanine,C3H7NO2,0.511,0.953237,88.040321,12921.69,9838.69,16457.23,929187.69,994536.19,1984439.38,627077.38,1124790.62,1523615.5,1095322.12,1091592.62,1412626.38,901684.19,797214.31,425866.03,1900544.5,1037250.81,435374.66,1875012.5,734347.5,1599819,5219960.5,1149404,780037.19,532438.94,518170.16,832749.75,565667.69,450940.25,469059.09,675287.56,497931.34,441228,1737218.62,1620329,1790773,1419567,1343467,794736,1102846.5,716621.75,1169956.25,1336174.62,799631.81,1132745.62,624010.69,1102250.75,714012.19
,53,53,44,135.029877,6.412,0.856523,[M-H]-,,Threonic acid,Threonic acid,C4H8O5,0.498,0.113003,135.029877,0,0,0,200098.3,2384771.75,13600040,4664084.5,1180609.12,1346875.12,10801589,1741663,15898371,156665.73,993533,141107.55,2427025,16406293,19088958,301913.72,21492014,4019340.75,718671.81,4466886.5,352716.78,20053362,19661662,1186015.88,693393.62,373044.88,154227.45,4791914,10904031,3824203.25,345844.16,13418733,1136345.38,14908891,18306906,6318747.5,5170244,3166197.25,4505316.5,818833.19,2843069.75,370293.22,156267.55,5822192,19221174
,54,54,32,130.051102,6.414,0.848489,[M-H]-,,Hydroxyproline,Hydroxyproline,C5H9NO3,0.476,1.055964,130.051102,0,0,0,16619.73,24648.88,14781.76,35870.48,60523.22,32821.35,25539.36,12499.35,16202.26,86065.77,13116.25,46044.12,95028.23,9736.69,26436.04,64477.78,19110.46,47704.3,200213.06,58035.42,15002.61,13599.87,12379.5,68510,20027.2,26818.07,48957.36,30667.48,59834.57,48801.79,50887.96,67339.62,51426.44,52523.02,14905.76,23395.08,59727.18,25408.9,24713.73,74861.75,122812.45,97875.91,25331.33,90562.15,53472.85
,55,55,42,110.072372,6.683,0.860176,[M-H]-,,Histamine,Histamine,C5H9N3,0.137,0,110.072372,0,0,4026.69,2618982.25,3325465,3415957.25,3926983.25,4400617.5,4817558.5,1693970.88,3117936.25,3689418,2624941.5,6856873.5,3295124,3271400.25,5319534,4391238.5,5149726,4573260,3449256.75,5106962.5,3420018,5856140.5,6067362.5,2790825.25,2544765.75,4983999.5,6680405.5,5025798,4145319.25,3093798.75,4138858.75,5681.29,4825881.5,2840362.75,2756858.75,4119588.75,3874.95,5706181.5,2781076.75,2825247.25,10200520,3636.61,4307084.5,3638960,6982404,9933573
,56,56,44,167.020981,6.002,0.854058,[M-H]-,,Uric acid,Uric acid,C5H4N4O3,0.568,0.456792,167.020981,0,0,0,6871.53,43335.4,47240.45,120912.37,42118.25,121875.48,87057.43,103010.7,152901.55,136227.3,125428.28,85435.26,175164.55,165337.45,100242.5,89459.18,32436.84,124642.82,343557.56,22316.01,154826.94,44402.93,64143.33,66219.32,59101.66,116095.06,38875.89,109587.04,50909.11,57637.41,57938.83,114072.59,45626.09,43584.28,26945.74,296199.75,156310.83,54449.52,186296.36,123691.47,206868.62,342085.5,70205.45,521018.25,138370.02
,57,57,43,108.01255,6.436,0.853703,[M-H]-,,Hypotaurine,Hypotaurine,C2H7NO2S,0.084,0.706344,108.01255,0,0,0,105763.43,125054.49,90059.43,112668.75,190861.05,184802.62,23497.86,154273.45,106524.24,45696.05,124736.9,37462.32,144597.64,44948.98,0,133998.02,47649.64,128622.41,191354,42083.37,131985,27531.3,37379.44,154066.98,150745.42,157689.23,48818.63,104592.48,127067.99,113068.15,131064.41,321214.53,196352.77,62973.61,7088.38,70616.62,370873.09,66511.32,52410.63,77416.91,71944.73,64689.8,108767.27,101714.75,10003.95
,58,58,25,175.024734,5.955,0.839595,[M-H]-,,Ascorbic acid,Ascorbic acid,C6H8O6,0.535,0.435904,175.024734,0,0,0,10068788,3242778,73885.91,269434.78,28313264,3111681.25,0,4275469,8788.61,17746364,8958200,1632225.5,262212.5,9119.63,4321.06,35752352,5376.99,1500617,14027356,4330.31,17391676,4557.92,0,4195010,24043432,51726260,26071830,1379653.38,0,16729.56,15535533,54850.81,9797.66,3430.73,0,5071.37,4777.52,3336.37,0,7041700,0,3601702.75,9289289,10889.55,3737.07
,59,59,42,102.056129,5.83,0.842594,[M-H]-,,D-2-Aminobutyric acid,D-2-Aminobutyric acid,C4H9NO2,0.55,0.747569,102.056129,39863.24,15065.73,11744.42,35402.05,51452.91,75887.7,57302.55,98562.2,112573.5,57658.91,105050.09,111187.98,130098.84,133184.73,42225.21,168579.5,56040.3,53818.13,126419.34,49560.7,107612.13,180457.55,63513.58,116093.88,73327.86,73791.21,79732.24,85709.88,42524.31,38757.36,31890.3,183428.89,42811.92,103364.91,104304.03,56678.2,75238.42,21267.96,92897,67636.26,58134.74,69919.78,159745.08,47913.98,118496.41,75580.11,102190.06,115788.66
,60,60,38,179.056168,5.786,0.84948,[M-H]-,,Glucose,Glucose,C6H12O6,0.394,0.340872,179.056168,0,0,0,337704.97,809796.56,4742342.5,474781.41,322945.25,580005.88,151334.39,338338.34,588352.19,462054.28,925235.44,237421.7,299850.22,461514.53,318464.47,301741.53,413356,703960.31,859904.81,360100.12,740842.31,437880.66,532382.75,956724,652877.31,910847.31,430457.25,761485.31,271970.66,376896.09,2030915.5,1837564.88,868162.56,475367.28,354535.16,1058355.62,2716582.75,400292.62,340574.38,1339284.12,517650.34,707069.19,1021518.94,1680117,651527.44
,61,61,34,263.097534,5.94,0.851445,[M-H]-,,Thiamine,Thiamine,C12H16N4OS,0.24,1.275929,263.097534,0,0,0,14807.95,28856,5337.89,49864.17,0,58009.6,4892.96,12669.77,66515.52,12382.8,76329.91,34668.61,0,11870.04,11471.3,20491.91,16391.05,7771.84,93109.79,0,54305.28,41076.11,16940.04,19477.2,22808.18,60843.66,6552.53,47814.75,20995.21,24508.65,30367.96,31138.54,108878.04,17328.26,11520.44,7388.72,64148.83,0,6745.88,35671.63,9516.17,20378.85,32750.98,36773.6,39951.22
,62,62,45,114.056076,5.692,0.857889,[M-H]-,,Proline,Proline,C5H9NO2,0.458,0.200675,114.056076,4317.1,0,3378.67,178036.17,228520.64,249604.92,275216.22,262672.12,168385.3,71190.77,146362.45,216022.14,231899.3,166597.75,201558.5,168550.12,200330.73,178544.8,405519.66,241078.45,561216.75,1040014.75,210334.17,321325.22,305669.72,222903.95,281591.31,187178.3,195851.7,174041.42,495286.34,151190.5,183719.5,412692.75,1784566.5,620185.56,418964.62,132054.36,168463.14,824652.19,929588.69,168467.14,176610.38,246718.45,265347.47,244833.55,359964.41,213191.19
,63,63,45,181.071777,5.788,0.831419,[M-H]-,,Sorbitol,Sorbitol,C6H14O6,0.332,0.084269,181.071777,0,0,0,2818006.25,4964503.5,5847618.5,60775600,9564559,3617799.25,1660215.88,1939096.12,3726151.25,14379099,7010302,3522968,2838668,2882125,4770385.5,24574696,5583127.5,17748252,17955314,5521698.5,6958293.5,6392023.5,3102977,1886810.62,10508745,14531608,9264635,73555440,1849728.5,5633121.5,5621681.5,32133514,44254788,14929608,53948752,20539594,49343980,2418451.25,4778740,6677373.5,5536114.5,4071254.25,7780757.5,16584033,5217575.5
,64,64,46,116.071777,5.322,0.795618,[M-H]-,,Valine,Valine,C5H11NO2,0.138,0.6573,116.071777,4573.75,3566.07,45605.3,759543.69,3408751.75,3398800.25,3497228.75,4076901,3956244.25,6788470.5,3631248.75,10301103,2856865.25,2730468,1800037.62,3561292,4735788.5,2467574.75,4482708,3561027.25,3275491.25,17990856,5941320,1575366.5,4913074,2734566,1832440.12,2519950,717256.69,811821,1646958.62,3616404,1096987.38,4661182,4043149.25,4294140,2388148.25,2456996,5962606.5,1379693.88,4349192.5,2407741.25,7343395.5,3858733.25,2264063,988313,3011333.25,4339577
,65,65,31,179.056152,5.312,0.842973,[M-H]-,,Fructose,Fructose,C6H12O6,0.272,0.255654,179.056152,0,0,0,76719.68,234773.98,426837.34,672020.81,177540.48,260993.69,214973.12,148576,892631.31,206605.2,196888.56,180780.69,132370.12,170254.36,532909.31,125506.98,124826.66,606749.06,391362,233867.86,231523.14,200436.98,688675.06,614477.06,110386.32,121916.78,89470.1,517279.5,153140.36,168940.19,259082.55,2610387.75,235076.83,442797.16,302030.16,330566.5,2971005,376419.91,125496.16,583670.06,437132.12,219297.55,433441.28,243764.45,419367.88
,66,66,45,180.066544,4.787,0.860152,[M-H]-,,Tyrosine,Tyrosine,C9H11NO3,0.063,0.423698,180.066544,5701.62,3646.66,3657.9,1996144.62,2993114,2679545,2862346.75,4227883,5933428.5,3154084.25,4144080.75,6788606,4404478,4101280.75,2679386.25,7575966.5,3398045.25,1917269.12,3849856.25,5087309.5,3411702.25,15673268,5427184.5,9360931,6489677.5,2610611.25,8221518,4395762,2944540,1869648.38,1189618.38,14567089,4870369.5,3946714,4308871.5,2997732,1668742.62,2270944,5441179.5,3070973.25,4602052.5,4060176,9249744,2521477.75,4378613,3086238.75,5038125.5,3240674
,67,67,45,116.071777,4.578,0.730692,[M-H]-,,Betaine,Betaine,C5H11NO2,0.192,0.6573,116.071777,3255.72,3269.72,20262.56,385792.66,792739.19,880969.56,966849.06,665437.19,650370.31,634490.88,991257.69,1087609.12,465912.41,868244.81,844191.81,938680.94,1075643.62,635114.81,756069.69,801576.81,1153258,1375161.88,767386,843348.19,934310.25,1154953.5,650918.06,1041202.5,1028419.75,752472.06,1428616,1028659.31,935990,608151.94,1015566.81,615961.44,709077.19,498964.41,722611.94,1006688.69,599458.19,816568.25,966529.5,575368.81,1021964.25,598759,1339233.12,859816.44
,68,68,28,105.019379,4.677,0.823882,[M-H]-,,Glycerate,Glycerate,C3H6O4,0.013,0.435885,105.019379,21193.48,12018.08,13853.02,155476.48,195379.12,217622,248539.69,191649.27,223037.2,237961.25,263828.5,234770.7,133992.7,210021.58,189020.08,202313.58,232414,178152.17,169490.67,237770.88,244480.77,195491.42,200231.08,150967.61,250178.83,251002.14,104447.38,228908.45,181213.92,183481.2,256204.5,216238.55,202389.58,133517.2,152864.47,154691.23,214938.39,163451.36,154389.33,184310.19,177486.67,202139.33,190594.83,153789.52,208550.5,119396.34,223600.83,174554.88
,69,69,45,124.007347,5.315,0.856078,[M-H]-,,Taurine,Taurine,C2H7NO3S,0.695,0.369142,124.007347,0,0,0,3390396,8036921.5,6321526.5,8240921.5,9774911,2156255.25,1501352.5,3479901,9402501,1956396,1414997.62,3168053,2108692.25,2758538,2606558.75,4321138.5,10834259,4089681,13890951,4029944,3146832,11254619,2474202.75,2464637.75,3353330.75,1457439.38,1833323.5,7767110,2616301.25,2041101.62,7571626.5,14633265,10537074,11333683,4372605.5,2561951.75,10489624,1296887,2531316.25,3638260.25,2212706.75,2218841.75,2073354.12,6450848,2918066.75
,70,70,43,146.045914,4.66,0.853057,[M-H]-,,o-acetyl-L-serine,o-acetyl-L-serine,C5H9NO4,0.05,0.208959,146.045914,2752.78,0,0,370257.5,754465.06,520673.78,889112.25,1363183.62,419279.75,660519.31,699736.5,1302796.12,179140.2,294065.53,199005.42,356370.41,687795.75,378661.72,404363.28,1634950.12,1413894.5,861810.81,787860.19,346988.47,1860748.88,607558.19,185400.31,834988.19,1115244.25,966860.06,1959995.38,1745295.12,672725.25,436086.84,722480.94,400736.84,768013.31,863328.44,479940.16,386274.38,313443.25,391555.75,270735.84,243066.8,423608,116733.1,329252.25,492556.78
,71,71,45,116.035309,4.575,0.851458,[M-H]-,,Acetyl glycine,Acetyl glycine,C4H7NO3,0.015,0.065751,116.035309,3751.12,2510.53,2863.65,364086.59,67417.13,87858.44,113081.53,244313.69,69626,71914.86,89653.59,77752.84,40476.94,83407.51,101714.2,77282.65,76537.73,74017.3,118918.32,99926.37,89832.79,145199.06,231269.88,117214.38,120211.76,133733.84,165611.98,100720.81,106464.63,54625.75,176236.27,137992.08,126236.81,63707.26,125138.66,88379.29,131899.11,599670.5,104802.75,90318.84,89705.55,131709.38,92085.5,66519.27,98331.09,52047.74,162236.8,110614.88
,72,72,48,128.035339,4.666,0.842462,[M-H]-,,Pyroglutamate,Pyroglutamate,C5H7NO3,0.076,0.119176,128.035339,94685.62,45242.84,79996.65,3684266,2074596,1910372.5,2668824,3097415.25,7843697.5,4091126,3662112.75,6372182,3047685.75,3846200.75,1580979.12,4401177.5,14784949,2227984.25,1424851.12,3541245.75,2606858,5334119.5,2632928,4312123.5,3313380.75,2897876,1644608.62,2494912,738726.06,725756.5,4941368.5,2137210.25,2213708.75,1393746.62,3163529.75,2744196.5,14055179,2371234,2330667,4829710.5,5641507.5,6612770,3499336,1554692.12,3042492,1295137.12,3219559.25,4328809
,73,73,45,134.028198,4.671,0.855558,[M-H]-,,Homocysteine,Homocysteine,C4H9NO2S,0.091,0.569238,134.028198,0,0,0,86786.76,173712.83,252590.14,276922.62,303168.72,844847.06,154087.12,640709.69,917847,78951.25,231911.06,106508.97,381934.59,276635.09,15170.89,174574.5,259706.48,430313.09,679706.56,241854.89,317294.28,301228.47,221508.05,58195.61,180685.56,126877.34,98137.28,145123.08,468580.5,223030.56,93899.12,372788.78,155962.81,110358.91,56919.97,57308.23,75997.24,98071.53,108506.68,352768.59,10918.25,53014.42,13658.35,98890.91,30824.98
,74,74,32,219.077621,3.987,0.850608,[M-H]-,,5-Hydroxytryptophan,5-Hydroxytryptophan,C11H12N2O3,0.563,0.487551,219.077621,0,0,0,4881.38,10706.71,63297.94,40835.67,20022,37225.88,2679.82,75173.84,38539.7,4762.78,12260.98,31387.95,123742.01,99036.05,0,2790.42,30752.27,40345.36,64293.17,33718.93,10058.29,10364.94,29675.78,17664.65,34004.48,3636.5,5829.24,46380.75,45824.38,53628.88,6716.92,40393.48,16672.12,11818.93,4414.21,53036.33,72879.9,25302.65,62807.23,26747.75,34453.11,68596.69,3544.91,157979.11,7543.65
,75,75,45,151.061386,4.545,0.85516,[M-H]-,,Ribitol,Ribitol,C5H12O5,0.115,1.212128,151.061386,0,0,0,95179.18,213245.5,172010.45,357612.91,180061.95,124663.91,79291.6,131438.83,242429.33,76407.09,176012.55,136191.19,148150.91,159239.52,127685.81,173483.34,251920.5,269196.28,403105.66,114253.99,233877.67,261674.58,382341.25,143867.02,147792.38,220938.31,125050.51,330108.75,169599.11,235930.7,125607.96,413416.5,492595.97,262205.41,180056.08,112604.88,265338.34,231579.3,143354.14,171846.58,120277.99,213308.62,125646.68,286988.47,259274.88
,76,76,45,148.043762,4.559,0.807088,[M-H]-,,Methionine,Methionine,C5H11NO2S,0.259,0.103069,148.043762,0,0,0,472000.88,1217096.62,1284430.38,2006516.38,2457978,6300077.5,2827131.25,2617923,8736064,1212917,1685548.88,250931.38,2982555.75,2768371,116643.2,2715270,2012800.12,3123547,8522377,7928392,1225283.5,1676686.38,1208612.5,2353662.75,821372,671585.12,504071.16,588371.56,3009425.25,440810.88,1855467.12,2587422.75,1855651.88,1457448,719764.94,2741512.5,1997133.38,5082663.5,3361860.75,6442850,520249.41,1648501.38,679265.81,1525436.38,541639.81
,77,77,45,218.103424,4.448,0.69408,[M-H]-,,Pantothenate,Pantothenate,C9H17NO5,0.248,0.139923,218.103424,0,0,0,6421124,4891361.5,1270888.62,1658031,771067.81,9630555,3144597.75,1704504.88,1836538.12,431421.09,12656269,4250987.5,2088412.38,1945697,652093.5,1019426.25,2478397.25,5694710.5,1978304,3522108.75,1023955.81,2903025.75,5704756,803573.44,5629168.5,1469039,2313471,6031792,1277231,4861788.5,1462418,4916098.5,873973.19,3206250,6953279.5,1519236.12,4013224.75,781805.81,3216696,11656888,1044727,4201697.5,729758,5451432,10428258
,78,78,44,130.087341,4.179,0.720334,[M-H]-,,Isoleucine,Isoleucine,C6H13NO2,0.011,0.117296,130.087341,4295.08,3718.91,3160.52,649183.56,669471.31,815275.31,808562,1374158.12,1402817,1881714.38,582653.06,2355531.75,1350599.38,813227.81,532434.69,1075672.88,1516320,657713.94,4777307.5,794509,1549182.5,5365361.5,2956668,940266.44,866158.5,998813.19,1372660.38,849499.69,592338.31,615252.94,797246.31,710210.69,592680.88,1669401.62,2236008.25,1434638.38,1274652.38,856582.75,1025945.94,784998.81,1158380.12,1266648.12,2557417.75,1133230.75,1280047,596574,1594383.5,1022469.19
,79,79,15,156.066391,4.085,0.851228,[M-H]-,,Acetyl proline,Acetyl proline,C7H11NO3,0.065,1.466565,156.066391,0,0,0,4147.94,3865.58,0,16241.32,6749.99,11801.36,5206.6,16533.71,18425.14,43030.82,70202.89,7099.44,62643.63,69582.79,53054.5,0,6841.55,6793.93,6486.54,4880.33,6753.26,6946.69,16913.3,5640.04,8117,3152.54,0,6485.37,4387.56,9543.85,5052.88,7886.29,5764.54,11290.64,30571.04,108634.91,49183.23,44497.75,46957.84,101968.71,18492.17,35106.02,25888.1,59478.6,101368.59
,80,80,30,151.026367,4.023,0.848964,[M-H]-,,Xanthine,Xanthine,C5H4N4O2,0.077,1.414477,151.026367,0,0,0,114683.18,159024.06,57047.11,92809.47,71025.41,127338.59,51862.38,81016.48,131870.56,68818.53,25236.81,43379.59,101380.75,160162.31,62988.71,109056.85,725433.44,137677.38,717004.75,103699.62,128306.91,910325.31,209392.06,331791.75,108663.93,21904.35,224896.25,56842.05,421799.59,71009.23,167062.58,124634.47,170615.62,146865.77,120975.18,183709.81,143501.7,122804.35,337855.5,166289.5,102119.29,218127.44,39321.48,175607.5,64134.44
,81,81,44,130.050888,4.024,0.855007,[M-H]-,,N-Acetyl-L-alanine,N-Acetyl-L-alanine,C5H9NO3,0.036,0.586646,130.050888,0,0,0,85773.79,137324.95,185375.55,276850.44,157037.52,96717.56,101136.04,116918.76,187723.52,23881.99,95812.13,111256.41,211418.31,253723.55,133462.58,144153.77,372279.12,279806.84,271875.94,176439.45,124599.59,256433.12,338643.47,44160.33,164758.53,105018.98,26332.24,205536.14,168777.2,124660.66,108010.97,251658.86,126858.59,351363.22,178856.38,153951.44,150212.56,218628.92,180706.58,86561.21,107825.7,170237.73,12545.14,518035.16,141975.73
,82,82,10,242.07782,3.815,0.84712,[M-H]-,,Cytidine,Cytidine,C9H13N3O5,0.045,1.764909,242.07782,0,0,0,3322.69,11982.02,0,0,15843.55,40220.87,24649.48,4265.02,41907.5,52465.61,11989.43,4250.48,4166.94,5685.76,3690.28,18149.31,19214.99,6759.8,42911.24,2900.52,0,3524.52,0,41109.36,0,0,7079.35,3552.89,11822.13,2384.13,5811.65,9774.51,41270.86,2830.24,11825.12,7114.8,11478.27,5812.66,13303.4,29541.26,7921.68,35697.47,8515.12,15758.58,12125.79
,83,83,46,89.024406,3.95,0.813419,[M-H]-,,Lactate,Lactate,C3H6O3,0.09,0.1714,89.024406,150797.02,97118.7,193940.75,2171331.75,2819942.75,4190443.25,7613895.5,1604713,2448996.25,11732415,5296925,11863085,2186770.25,2508040,1866231.38,28751242,21361664,24069186,1176474.62,13854981,4187683,3285837.25,14989275,4641873,17993492,22540810,1430044.62,3567089.25,1285712,795404.81,14804200,6291397.5,4965355.5,834289.25,7474190.5,1501614.88,16445173,8172835.5,4439454,8970919,16337733,13475723,3849980,2442550.75,3531168,852120.31,15167155,25770442
,84,84,42,130.087341,3.842,0.715618,[M-H]-,,Leucine,Leucine,C6H13NO2,0.042,0.117296,130.087341,8856.53,3119.6,4971.6,815465.75,888342.5,1046449.69,927759.19,2015357.88,1612221.38,2055599.62,1109214.25,3034101.75,1590182.5,760437.5,426804.91,788485.69,1593186.38,853571.5,6067870,987476.25,1741567.38,6646343.5,3984980,1200181.12,1664808,1752687.38,1591281.62,1053994.25,751588.56,820752.25,872815.81,871772.75,748165.25,2185994.75,2430322,1499129.12,1716898.62,1134064.62,1115184.88,753232.75,1129918.5,1424259.62,2641185.75,1220311.88,1263649,642106.94,1691354,773924.69
,85,85,45,164.071671,3.442,0.856613,[M-H]-,,Phenylalanine,Phenylalanine,C9H11NO2,0.032,0.186001,164.071671,0,0,0,518746.41,768440,829479.81,804829,1400843,1182883,801157.31,640337.44,1441935.38,669361.25,819015.5,370390.16,851602.19,1195533.5,337131.62,3582421.25,848038.69,1451336.38,5656311.5,2923496,1000121,1291153.75,1038073.81,1711239.38,1040746.06,666160.06,606310.94,829971.56,1056528.88,811451.44,1382363.62,1738432.62,887688,848921.31,590397.75,959653.94,785942.56,846393.19,1081891.5,1181546.88,854221.06,1247457.12,605299.69,1354748.12,479861.25
,86,86,3,266.089966,3.288,0.822313,[M-H]-,,Deoxyguanosine,Deoxyguanosine,C10H13N5O4,0.082,1.835027,266.089966,0,0,0,0,0,0,0,0,0,0,0,20815.52,2789.84,5093.54,2690.36,0,3332.91,2761.08,3102.54,0,3176.54,0,0,0,0,0,0,0,2641.54,0,9120.66,0,0,0,3192,0,3607.21,0,0,22126.41,3486.95,0,3732.86,6453.15,5362.44,20171.91,6737.73,2569.42
,87,87,34,150.042007,3.311,0.852497,[M-H]-,,Guanine,Guanine,C5H5N5O,0.049,0.813574,150.042007,0,0,0,37526.88,83313.7,105716.66,65010.49,126560.29,82116.84,41322.86,72102.84,78489.69,61166.28,44630.02,29599.53,78807.09,40741.35,4120.26,68131.73,124810.38,163738.67,194810.05,77509.38,71230.3,87900.16,24752.26,55762.33,49354.48,40251.94,50470.58,33571.22,49540.58,29506.62,139772.42,117366.37,92498.12,63000.98,39770.62,64636.61,85048.57,37914.48,132085.55,77957.07,23396.15,105674.69,24814.85,110840.65,27559.9
,88,88,45,203.082687,3.293,0.856389,[M-H]-,,Tryptophan,Tryptophan,C11H12N2O2,0.007,0.450815,203.082687,0,0,0,525214.81,692595,539939.75,428096.66,1040552.56,1796188.62,347967.16,316074.47,444179.34,648081.75,1822275.38,411359.03,1227871.5,510583.59,176431.95,722652.81,636212.94,942045.31,3824602.25,1222396.5,766806.19,774517.75,533857.31,1609422,663596.81,329070.84,315564,444991.09,1880447.38,593503.31,981161.81,1198758.75,1100661.88,519148.97,454026.88,1365702.88,1138825.88,2086768.38,1310844,2976318.75,594556.75,1678272.38,1613902.5,1309051,729231.06
,89,89,4,122.024658,3.132,0.78611,[M-H]-,,Nicotinate,Nicotinate,C6H5NO2,0.082,0.75028,122.024658,8247.35,3725.49,4179.02,18127.76,28560.16,22350.92,47714.71,24632.85,14738.48,8877.76,32181.17,18130.39,25504.97,7320.02,11588.18,14180.52,6085.1,12558.63,44675.12,73430.76,22345.65,57977.36,28231.6,29573.28,28270.74,20420.56,27140.61,15663.24,18296.49,27537.52,15780.97,13349.16,15542.38,74374.19,30026.69,64848.19,27673.45,21651.56,28254.71,9968.74,9132.67,19878.86,21790.33,6105.57,13013.54,18568.88,14499.56,10194.17
,90,90,45,124.051628,2.787,0.829871,[M-H]-,,5-Methylcytosine,5-Methylcytosine,C5H7N3O,0.013,0.061502,124.051628,0,0,17748.54,8604988,12832421,18760358,27044654,19326164,14991285,6351403.5,24152378,22729936,18087706,17384422,8790773,24314098,24845608,24266704,13189005,23037930,18542770,37022140,12598972,10698523,17518046,17022968,15848533,17692262,14819508,17359978,21107182,20760560,15929813,14649720,20356736,16030421,9746739,11925235,14958275,16959550,12896733,14128781,29754614,11035321,15815075,14108536,17437134,25602118
,91,91,7,112.051758,2.699,0.844295,[M-H]-,,Creatinine,Creatinine,C4H7N3O,0.031,1.089411,112.051758,0,0,0,2556.1,0,0,4301.88,0,5051.17,3600.66,2655.03,0,5165.22,0,15566.54,0,0,0,15679.98,0,0,40295.13,16708.83,3845.35,0,3553.74,39612.97,3681.56,0,2139.61,4784.33,6395.11,0,0,2678.93,3161.97,3718.63,12078.1,2889.52,4092.8,3601.67,11036.87,0,0,11128.27,0,3094.02,0
,92,92,31,135.031189,2.786,0.850696,[M-H]-,,Hypoxanthine,Hypoxanthine,C5H4N4O,0.066,0.339006,135.031189,0,0,0,5974.02,21064.23,14933.35,20518.11,38202.61,41408.56,10593.22,31633.23,62722.7,40466.65,9850.34,0,24791.66,6422.79,5194.23,54941.99,97379.94,32239.73,201541.7,16565.34,53928.63,57183.71,32114.83,55880.05,66888.06,20555.59,58926.7,12190.73,28865.55,12826.34,48172.12,49873.98,63230.85,43887.82,5371.55,75140.15,26008.51,24668.54,58245.36,73212.9,23547.59,99472.25,11424.97,5818.11,4189.49
,93,93,45,243.062195,2.683,0.855918,[M-H]-,,Uridine,Uridine,C9H12N2O6,0.033,0.251109,243.062195,0,0,0,247581.17,532205.5,640938.44,604256.19,235576.12,610876.44,492198.66,525493.25,651655.25,279344.84,580637.25,138548.95,434831.97,1131294.62,104953.51,396203.47,419372.97,662846,737017.44,554209.81,284079.22,256022.12,225202.48,261205.62,349516.16,200011.5,172635.11,193557.19,144685.92,261326.52,624116,679349.75,642554.69,266085.75,399024.41,405660.5,376990.5,111610.4,217111.56,715044.94,228921.19,129543.94,357201.84,635385.69,477197.62
,94,94,43,266.089661,2.6,0.852276,[M-H]-,,Adenosine,Adenosine,C10H13N5O4,0,0.688135,266.089661,0,0,0,50435.95,177140.45,135853.62,78469.82,88828.13,79258.98,69792.1,82257.32,84075.89,43880.8,95051.88,111294.38,65705.93,157953.8,72494.69,104161.15,44329.83,139297.19,96282.5,96464.59,92964.15,104091.19,111392.88,24377.81,105312.27,100632.21,59498.97,82784.16,66263.65,127487.81,97097.96,130523.19,99837.1,77020.88,74537.71,79534.96,81689.88,27812.38,41140.62,79835.15,43849.5,40262.92,100346.29,129552.43,114987.84
,95,95,1,87.008736,2.564,0.544249,[M-H]-,,Pyruvate,Pyruvate,C3H4O3,0.034,0.350741,87.008736,10563.04,3426.4,3551.15,116532.8,88685.23,94415.87,136343.05,137675.62,62577.81,25702.69,130552.27,72760.93,146715.39,92889.95,78966.73,157804.23,58141.32,40572.81,172956.92,53608.38,160120.25,217663.14,73971.54,225031.5,46403.74,58674.69,86417.16,211845.12,139252.94,119221.87,177327.55,56474.17,114699.69,186946.81,80399.35,124757.44,52851.81,35649.08,38545.79,59039.21,54910.44,38940.11,125124.75,36746.27,100970.5,144102.38,82480.2,43987.12
,96,96,45,134.047333,2.512,0.827136,[M-H]-,,Adenine,Adenine,C5H5N5,0.012,0.79682,134.047333,58595.59,12024.96,3616.27,2646551,9274228,4127156,7945525.5,5204086.5,6231037.5,4535865,7361557.5,5807593.5,3133866,1914717.62,1323925.5,5623548.5,4075760.75,1041111.56,6400524.5,11282187,5981036.5,10089369,5407804,5729335.5,4663033.5,3705122,2108978.25,8072529.5,3925408.25,3833591,3450809.25,3079559.25,4357121.5,6663894,5897980,7456688.5,3553670.25,3168880.25,4854880.5,2716879.25,2538001,5837220,6072935.5,2043181.12,2378208.25,1657742,1140656.88,863178.69
,97,97,5,178.050858,2.467,0.838827,[M-H]-,,Hippuric acid,Hippuric acid,C9H9NO3,0.077,0.599893,178.050858,0,0,0,0,3570.35,0,0,3064.73,0,4850.1,3810.03,24197.56,3035.48,0,0,0,14522.97,45399.35,0,9722.31,4136.35,3757.98,0,0,21996.59,22890.76,0,3960.02,2126.48,0,5069.27,5241.71,6005.04,3016.32,0,0,18257.38,5294.49,4256.66,4740.11,3473.73,5005.1,3954.18,5460.89,0,3101.48,3690.04,25940.88
,98,98,44,111.02002,2.088,0.851947,[M-H]-,,Uracil,Uracil,C4H4N2O2,0.038,0.137442,111.02002,14770.71,9682.81,6421.29,142159.52,253316.77,286974,972194.31,152349.17,843581.5,293543.72,476328.41,460130.53,349591,173721.81,32019.46,437582.5,221599.36,24373.06,333456.97,918855.31,286927.78,1400122.38,457206.53,199041.86,110703.53,60306.46,375001.91,261133.12,98956.09,139885.67,82375.18,87383,102400.21,575110.44,315360.09,846156,256741.14,196382.8,173685.73,136207.91,97992.78,315808.84,795352.19,82741.62,131019.04,90185.78,73988.52,61825.04
,100,100,43,159.102524,1.939,0.849015,[M-H]-,,Hydroxyoctanoic acid,Hydroxyoctanoic acid,C8H16O3,0.011,0.863148,159.102524,5259.12,15344.72,12662.33,197434.81,40521.66,67953.66,25420.22,42818.25,42487.11,32246.21,43622.71,25016.69,46578.38,63258.07,80089.67,44576.47,54762.89,21839.7,59673.21,45126.98,37251.72,50340.9,142419.77,42759.82,68467.96,45218.51,212016.88,61037.91,32784.19,31154.59,72825.66,48282.43,104653.44,36536.61,73371.88,52539.2,48201.8,221809.38,54993.78,59455.42,41828.44,88235.41,52288.54,55136.03,68559.16,54439.93,75809.99,43019.97
,101,101,4,241.082733,2.006,0.786457,[M-H]-,,Thymidine,Thymidine,C10H14N2O5,0.056,1.075976,241.082733,0,0,0,0,0,0,0,0,0,0,0,0,3565.65,2993.86,0,0,0,0,2104.89,0,0,4405.93,0,0,0,0,0,0,0,0,12377.22,0,0,0,7803.34,7556.67,3344.73,3082.81,0,13829.3,0,0,8530.46,0,11052.85,4122.63,9563.14,0
,102,102,19,179.034805,1.982,0.843416,[M-H]-,,Hydroxyphenyl pyruvate,Hydroxyphenyl pyruvate,C9H8O4,0.052,1.022736,179.034805,3320.22,0,3567.92,17376.67,9540.72,8161.94,10890.8,8842.3,10796.56,42606.72,12841.49,6204.16,17201.98,4111.95,5379.58,8130.39,5000.9,23047.24,14016.02,22223.34,9482.59,43814.42,10305.08,33154.07,35954.5,16776.61,28504.62,10095.19,8156.12,15879.99,14074.54,18771.21,21020.67,15318.6,14916.19,19621.99,11182.02,34749.54,5020.67,7485.7,7515.98,6736.71,24243.3,6191.37,6124.35,27910.26,16709.2,29449.93
,103,103,11,163.07663,1.932,0.850955,[M-H]-,,3-Phenylbutyric acid,3-Phenylbutyric acid,C10H12O2,0.022,1.12282,163.07663,0,0,0,7434.74,2687.36,14410.86,3954.03,5407.06,10446.09,2977.92,5274.67,3574.14,2594.94,6898.22,2316.57,9188.95,3832.71,8818.06,5738.13,2846.27,0,4130.92,39396.8,13825.14,13347.76,11241.85,29576.76,29167.18,4517.07,6305.81,17543.31,8428.1,3151.88,2782.99,23989.1,4290.16,13728.33,3949.64,10561.96,13468.67,2729.98,7668.85,7949.67,12094.76,21874.75,11797.78,8940.13,3439.86
,104,104,46,167.035049,1.911,0.810296,[M-H]-,,Dihydroxybenzeneacetic acid,Dihydroxybenzeneacetic acid,C8H8O4,0.001,0.365403,167.035049,3259.52,0,77697.44,744209.5,1793354.5,2683171.75,1694680,1168207,1466191,810850.19,1685426,2563229.75,743357.25,1279367.38,1112418.62,2040230.88,4486707.5,1467665.88,705199.69,2235185.75,2408486.25,1693002.38,3379775.25,947989.5,457833.09,384412.91,779470.31,1290895.62,325240.16,763699.19,1877650.88,3418315,2586246.75,769643.44,3206765.25,1422772,177986.69,401872.97,2591256,2909130.75,1287160,2769036,1272024.12,2301169.75,1296292.38,773536.81,3710242.75,1252707.62
,105,105,42,129.055801,1.938,0.815477,[M-H]-,,Methyloxovaleric acid (Ketoleucine),Methyloxovaleric acid (Ketoleucine),C6H10O3,0.028,0.591171,129.055801,27154.45,13054.45,14853.44,148053.7,92618.66,102115.3,96624.99,92887.51,73241.37,149273.92,90386.84,111296.18,90874.9,83635.53,104236.32,102515.16,90581.06,74312.46,143127.45,128007.6,145438.14,189352.92,162251.33,150179.42,150347.2,193852.55,164051.53,154461.69,77726.66,103672.31,179718.45,77947.45,173696.03,116910.69,235157.48,174311.33,118234.75,246679.39,116787.4,113416.79,112690.06,159308.89,161195.67,84653.02,129984.79,109904.66,120733.51,115031.54
,106,106,39,177.092148,1.931,0.851182,[M-H]-,,5-Phenylvaleric acid,5-Phenylvaleric acid,C11H14O2,0.031,0.258489,177.092148,8394.61,3431.56,4176.37,34235.73,26056.91,24974.15,18135.29,57093.99,23566.97,20263.69,18110.85,9081.16,24332.97,17000.37,25805.62,9340.49,14280.63,54142.62,33383.72,15299.84,12672.91,19773.23,38115.99,14149.74,24561.42,17658.06,25568.08,35022.24,12783.97,36185.56,22154.83,13911.08,54168.34,12305.14,15297.04,21653.91,20512.13,75895.47,16773.71,46310.55,12627.78,25554.35,12670.09,26917.36,27621.02,18142.87,39860.7,28460.65
,107,107,45,149.060562,1.931,0.854168,[M-H]-,,Methylphenyllactate,Methylphenyllactate,C9H10O2,0.031,1.637859,149.060562,0,0,0,91119.93,182123.98,182775.62,126650.23,94934.4,219624.7,296095.34,89618.1,98071.03,179850.02,237253.12,128243.03,86977.82,280290.72,153075.47,113369.09,162198.83,103432.4,146946.84,299668.88,137011.86,230565.8,155184.72,184222.11,227828,162461.12,135958.89,219832.86,230341.17,172201.08,84205.84,220126.98,141905.44,115623.35,61053.72,98154.16,161603.95,192358.5,196594.25,166263.11,96279.26,119231.5,139462.39,201200.55,149434.92
,108,108,26,213.186081,1.295,0.828087,[M-H]-,,Tridecanoic acid,Tridecanoic acid,C13H26O2,0.055,0.357875,213.186081,24862.56,15853.01,11449.63,38300.38,40867.43,48679.64,28648.42,46227.64,32373.49,59065.25,27902.95,35226.74,27415.29,17792.29,31497.11,30101.43,54376.02,60150.8,49147.03,21864.16,52138.07,38233.06,70843.61,56023.54,29224.33,36661.3,57229.19,35542.38,39197.83,36746.02,55131.98,53084.29,38466.83,41624.56,45762.85,40452.9,48198.68,40237.66,28691.47,44303.29,38526.66,55947.81,42874.1,31928.16,41894.99,62063.38,37380.09,45823.02
,109,109,46,283.264374,1.26,0.8335,[M-H]-,,Stearic acid,Stearic acid,C18H36O2,0.06,0.430941,283.264374,763374,637805.94,545300,28602328,7951404.5,12284767,20168734,12778076,23690296,11237643,12738469,11453693,13802440,18801238,18281286,13079819,15003755,11279391,15109997,16571581,14110473,9275529,14894336,9006705,14685623,12618421,28508152,16104255,11792584,9334632,17663338,10201128,14418903,18273064,10442501,20389568,10114157,8621271,8149492.5,12212611,23237286,17122216,21630090,7175725.5,11127011,10421535,10114451,10132961
,110,110,8,465.304932,1.15,0.852049,[M-H]-,,Cholesteryl sulfate,Cholesteryl sulfate,C27H46O4S,0.05,1.114967,465.304932,0,0,0,0,0,18539.62,0,0,0,2983.52,0,12183.74,100038.5,5469.86,0,0,2523.31,4653.7,0,153970.98,3788.12,10460.12,0,0,0,0,0,0,0,0,5799.41,0,8509.98,3325.04,0,15345.61,28018.42,0,0,129841.7,0,3599.02,0,76036.14,22747.52,149218.92,0,0
,111,111,39,139.975662,5.837,0.851764,[M-H]-,,Carbamoyl phosphate,Carbamoyl phosphate,CH4NO5P,-1,1.635157,139.975662,0,0,0,49265.05,75715.59,83628.3,65009.42,76356.93,52048.02,29650.97,51354.95,45651.61,45672.22,67520.77,73379.9,54893.38,84603.44,58777.38,56344.3,50905.27,84174.74,62036.67,64990.71,66210.3,59815.72,49714.82,50999.9,72194.07,79995.82,63087.36,65459.04,47897.08,73403.25,71800.9,93818.81,66802.97,41616.89,49731.69,54111.11,80460.68,53408.03,67944.02,61243.97,25691.07,56771.24,63233.03,77926.29,83291.29
,112,112,43,174.088379,7.731,0.852694,[M-H]-,,Citrulline,Citrulline,C6H13N3O3,-1,0.175299,174.088379,0,0,0,52231.06,46365.7,136409.77,61775.85,144589.38,39495,65084.66,42737.66,101739,96050.34,48043.96,29717.42,29409.28,48014.9,63192.89,34685.11,95375.91,27496.5,110975,72509.8,47876.94,71754.15,20855.18,182943.08,8400.3,20535.3,96066.96,22575.74,47669.76,3984.43,67001.4,242509.42,743627.94,52714.2,79106.59,233380.86,69567.78,135938.52,22562.06,94930.37,37356.44,56884.53,112185.6,52196.58,59814.5
,113,113,37,157.02533,4.655,0.849219,[M-H]-,,Dihydroorotate,Dihydroorotate,C5H6N2O4,-1,0.97174,157.02533,0,0,0,16758.35,33829.47,34968.05,25980.74,22714.69,8657.52,20303.06,16218,20763.12,35844.27,31936.18,26790.97,38823.59,12107.56,9204,18824.07,31689.31,13718.65,32675.43,19587.21,28784.98,31281.46,24689.12,20101.84,10160.53,10287.03,8961.01,11749.39,18368.97,7217.19,43512.22,25711.28,42125.71,32148.09,28539.12,39704.32,35312.66,31504.33,40288.48,54156.97,33634.26,33975.36,30439.76,74787.1,39208.67
,114,114,27,282.084473,4.074,0.847256,[M-H]-,,Guanosine,Guanosine,C10H13N5O5,-1,0.324558,282.084473,0,0,0,11969.22,60505.29,16249.47,23091.55,28296.81,29639.29,36549.22,12723.88,89460.01,15600.26,28977.68,19793.98,8900.22,60960.84,5795.33,36303.16,29403.66,38444.87,69323.45,29232.54,32531.44,47753.75,28478.19,26280.53,32405.23,25266.51,36749.1,42507.59,11491.87,38386.45,39369.79,65268.97,68139.09,27349.08,17935.83,24827.49,49860.82,10198.38,28272.69,48154.61,7628.51,61358.14,76851.43,51203.03,36072.46
,115,115,24,259.022186,10.609,0.838476,[M-H]-,,Mannose-6-phosphate,Mannose-6-phosphate,C6H13O9P,-1,1.060364,259.022186,0,0,0,61883.53,126261.71,149086.17,139793.94,104589.32,61297.11,29912.36,158839.19,119455.23,62751.23,82812.03,48972.19,85717.34,98162.48,18685.79,92995.45,97113.02,153636.95,128710.44,66892,200005.12,28889.33,152508.61,90029.74,202397.2,130026.27,92021.85,116860.9,86882.81,65980.41,87738.62,187743.5,160708.67,41775.79,10598.33,141429.3,115727.38,87479.44,62201.99,139621.61,61760.18,121168.96,94992,216209.39,87486.55
,116,116,34,187.072617,4.641,0.848283,[M-H]-,,N-acetyl-glutamine,N-acetyl-glutamine,C7H12N2O4,-1,0.978795,187.072617,0,0,0,25289.48,25236.25,24731.59,33923.29,82229.59,5942.18,4996.95,5784.23,16749.63,5526.74,5466.81,11333.54,14940.27,15578.28,4966.99,31167.6,88009.16,35605.71,36589.84,26141.8,24536.21,48863.75,6534.85,11577.05,46701.62,68720.5,45934.86,32846.5,50676.85,34245.26,39695.13,28101.54,30331.56,22993.93,45985.69,17892.3,10767.58,4909.4,13880.9,9517.47,3366.95,12956.75,2982.69,6625.22,6897.88
,118,118,45,136.040543,5.077,0.856405,[M-H]-,,Trigonelline,Trigonelline,C7H7NO2,0.363,1.009473,136.040543,6806.35,4304.72,12969.06,404936.38,358687.88,466001.41,509984.09,354612.25,560072.44,211968.64,437420.91,461042.97,241397.61,885601,344208.88,513725.25,653448.5,394352.75,564287.69,409723.16,903476.25,617451.94,587425.25,606083.19,368726.25,622862.19,259356.33,832963.19,886760.06,374081,935462.69,375111.78,644914.5,248902.08,702313.31,374340.75,456266.84,242817.61,273772.72,608859.69,320768.75,469947.09,438188.75,216911.17,552575.38,431199.78,687252.44,396641.62
,119,119,18,301.163483,9.264,0.84953,[M-H]-,,Arginine-Glutamine,Arginine-Glutamine,C11H22N6O4,0.094,1.722651,301.163483,0,0,0,3628.06,4677.17,22068.07,64898.54,3331.73,29830.65,7461.79,0,26675.08,235679.8,88540.71,2749.86,3006.57,9227.16,0,4676.76,0,14082.14,4768.32,0,0,3030.37,0,21921.76,0,0,9949.77,3837.19,0,0,24878.73,51448.94,61575.61,36504.79,2508.93,0,28044.78,21471.46,30561.44,3642.78,0,15403.68,4069.86,0,0
,120,120,45,662.103333,9.446,0.850853,[M-H]-,,NAD+ (SIM),NAD+ (SIM),C21H27N7O14P2,0.564,2.212415,662.103333,81.87,65.12,141.38,16297.63,10409.86,31243.92,20223.9,17938.69,15196.39,6094.79,21944.86,27087.12,9729.07,32090.35,17030.48,16258.77,16911.25,5165.12,25597.12,6843.28,29563.31,13803.95,18015.49,28110.17,3773.79,11705.61,9335.46,19612.39,41721.66,19788.28,43577.14,12231.3,12936.67,15153.31,19080.51,10780.05,10165.66,3257.38,22445.23,26397.28,23044.58,12147.93,22254.92,15928.26,47423.89,31193.04,54088.57,7751.98
,121,121,7,664.117737,8.599,0.834507,[M-H]-,,NADH (SIM),NADH (SIM),C21H29N7O14P2,0.551,0.367617,664.117737,0,0,0,738.02,1540.68,1191.64,666.67,2350.72,2495.44,0,1890.42,71.41,577.35,1558.23,1877.56,1249.75,205.09,99.29,1445.79,212.94,1408.96,1432.28,179.88,845.56,0,0,517.03,2436.46,4281.93,2080.07,2006.75,645.17,325.81,2104.92,365.98,395.12,79.16,80.3,146.2,223.65,338.31,70.27,1700.17,215.35,2144.26,1025.21,367.47,0
,122,122,44,742.069031,12.227,0.843242,[M-H]-,,NADP+ (SIM),NADP+ (SIM),C21H28N7O17P3,0.413,1.151501,742.069031,0,0,270.9,1134.14,10764.79,5395.23,7412.84,7941.73,2884.02,107.75,3512.63,5446.52,942.05,11209.06,2356.41,1672.93,11815.55,400.55,2835.84,386.88,4573.98,5972.96,681.32,9237.23,712.79,452.43,3731.25,3924.9,6435.11,3785.53,5468.53,636.05,1309.33,2906.72,6320.03,6585.77,823.55,65.86,8733.02,3544.01,1584.4,296.34,3848.02,676.1,5781.13,4438.04,20921.93,8382.24
,123,123,16,744.082947,11.29,0.842572,[M-H]-,,NADPH (SIM),NADPH (SIM),C21H30N7O17P3,0.24,1.230409,744.082947,0,0,0,0,0,0,0,0,405.03,702.43,660.44,865.9,735.24,1382.58,670.08,1224.48,444.87,318.36,102.94,0,0,364.38,0,287.95,0,0,203.09,0,0,0,0,104.53,0,0,0,0,0,0,627.65,1655.5,468.2,1006.05,1598,856.52,1036.87,1879.2,1082.5,1039.6
,124,124,44,93.062508,6.432,0.837998,[M-H]-,,NegIS_Alanine-2H4-15N,NegIS_Alanine-2H4-15N,,1.278,0.573869,93.062508,48058.68,29991.81,187795.98,99771608,63937456,139422.83,63788236,60364588,71602784,100635616,72326088,59827140,88048960,45040476,89113912,81632024,45872348,60375488,104240192,88468504,80418440,84714584,97194200,60245312,65564132,74997184,111213088,39384624,21942968,98371496,54918612,79575064,75731128,68253280,52815940,52748684,84659968,78890368,43000484,63361760,79790896,81318344,26574138,103769792,72229304,51045796,42878300,62528480
,125,125,44,192.120209,5.787,0.827741,[M-H]-,,NegIS_Glucose-2H7-13C6,NegIS_Glucose-2H7-13C6,,1.193,0.158846,192.120209,0,0,0,48567600,36958932,0,36377668,38722924,52859772,43809788,36431936,42318804,41561340,45892708,47583316,38905828,35999004,41689396,44242692,51001276,42991136,49186752,41581524,41821980,45603168,41595924,48216748,21170192,18846002,50452608,29056470,51772176,41856236,47320144,29533226,30544008,40959748,35200540,45549708,36902964,44765268,40571104,23191888,62018784,44239536,35439812,32646696,41346236
,126,126,44,152.087341,7.176,0.841357,[M-H]-,,NegIS_Glutamine-2H5-15N2,NegIS_Glutamine-2H5-15N2,,1.464,0.300987,152.087341,0,0,0,14825035,10391960,0,14379380,9688959,12018339,15318189,10611351,14511492,15581660,8967980,16330773,11930296,9676318,10434799,17146704,14072255,14313905,13069620,13463300,11946024,10854974,14165552,14689667,4246646.5,3309816,15417209,10147455,14417399,13759843,11120748,7262417.5,8450701,15517136,12029328,8243826.5,12834499,14354124,14959343,3745694,17306902,15707395,10863719,7877078.5,9826440
,127,127,44,77.028549,6.85,0.830885,[M-H]-,,NegIS_Glycine-13C2_15N1,NegIS_Glycine-13C2_15N1,,1.37,0.594278,77.028549,0,0,2296.41,2269884.25,1856781,0,2627837.75,1947463.38,1960766,2164642,2069145.38,2182924.25,2507516,1750806.38,2744888,2185892.25,1933169.38,1527804.5,2784549,2624862.25,2367857.75,2470837.75,2344623.25,2514244.25,2010884,2010641.88,2702555,957490.81,701876,2713939.5,1720782,2092127,2061599,2258833,1503998.38,1715781.12,2433859.75,1533311.88,1560846,2281162.25,2475737.25,2246261.75,883718,3130579.75,2692804.75,1747621.62,1708314.62,1666702.62
,128,128,43,271.061707,3.402,0.855971,[M-H]-,,NegIS_Inosine-15N4,NegIS_Inosine-15N4,,0.218,0.225171,271.061707,0,0,0,1023665,635499.94,0,851056.81,615822.75,800366.31,1143542.38,610637.5,861513.44,1007053.81,472107.25,1011193.94,759676.31,607672.31,853986.19,1079797.38,916815.06,908475.69,915143.06,937106.19,650163.38,851736.5,938150.19,917091.81,231727.17,175974.95,1009418.81,574238.56,901590.25,891892.81,754148.19,481311.78,525802.19,1129939.62,770985.25,501982.16,886384.56,930798.56,945905.69,212368.55,1174293.5,962543.81,671323.69,437820.91,789786.56
,1,1,41,153.148514,12.338,0.85393,[M-H]-,,NegIS_Lysine-2H8,NegIS_Lysine-2H8,,0.742,0.298902,153.148514,0,0,0,259054.2,206090.61,0,225004.14,207027.31,247889.81,208113.05,223611.23,252206.77,348095.22,201176.67,326105.59,285040.59,208512.45,133379.44,347259.91,223753.42,305646.5,268399.66,241718.95,269548.38,176742.56,176817.2,289740.69,75350.37,58853.75,327152.09,186734.02,269719.75,250842.88,242565.31,135806.86,179788.75,222773.95,129730.19,171533.41,262863.56,261753.5,276148.97,86257.45,323189.47,386528.41,271185.03,169280.06,151411.77
,2,2,44,136.033188,8.667,0.856229,[M-H]-,,NegIS_Malate-2H3,NegIS_Malate-2H3,,1.203,0.785188,136.033188,0,0,0,3339535.25,2292845,0,3061635.25,1938670.62,3011713.25,3034464.75,2326976.25,4032132.25,4061421.75,1828286.38,2941514,3126419.25,1531185,1760379.38,3503312,3072888,3624133.25,2296932,2876057.75,1455112,803153.81,3500454,3661683,660564.69,1122476.38,2700817.75,2063097.62,3662202.25,2752319.75,2537509.75,1579220.5,1660874.5,2382943.25,2500082.25,1884617.62,1972933.62,3066427,3508049.25,655210.69,3201351.25,3351287,2529546.25,1982018.38,1696658.5
,3,3,44,108.042488,7.314,0.856107,[M-H]-,,NegIS_Serine-13C3-15N1,NegIS_Serine-13C3-15N1,,1.426,0.635533,108.042488,0,0,0,952808.06,626687.56,0,875117.31,557299.81,1352218.88,853504.19,637742.12,798353.5,875728.31,825716,921503.31,733409,567660,563696.81,2100007.25,977960.31,1020343.75,1291935.5,920365.19,1317467.25,665051.06,894288.75,959885.75,379102.38,508123.88,899597.19,727582,952667.19,885327.75,662586.94,605363.31,814630.69,1017337.06,680642.44,529107.94,944917.5,1320646.38,913350,283415.5,1052620.12,1205528.62,996132.31,842129.25,592216.75
,4,4,44,129.060883,1.938,0.835382,[M-H]-,,NegIS_Thymine-2H4,NegIS_Thymine-2H4,,0.722,0.945836,129.060883,0,0,0,2407905.25,1947517.38,0,2554642.75,1689962.5,1979194,3829775.25,2142642.75,2363769,2262911.25,1767973,2603499.75,2019485.5,2170014.25,2250478.25,2370536.75,3249976,2575980.75,2547045.25,2893739.75,1700543.38,2948774,3324767.25,2317166.25,1108252.5,548667.69,2088997,1716137.62,2256487.25,2425215.25,2251928.5,1763875.12,1761225.62,3396539,2359509.5,1827894,2459228,2595385.25,2802968,1060538.38,3466079.25,2907152.75,1806211.5,2062638.38,2610869
